sample,image,ground_truth,prediction,cer,wer,exact
a01-003-00,/Users/aloyson/Documents/Thesis/ocr-thesis-handwritten-forms/trocr_beginner_project/data/iam/lines/a01/a01-003/a01-003-00.png,"Though they may gather some Left-wing support , a","though they may gather some Left-wing support , a",0.02040816326530612,0.1111111111111111,0
a01-003-01,/Users/aloyson/Documents/Thesis/ocr-thesis-handwritten-forms/trocr_beginner_project/data/iam/lines/a01/a01-003/a01-003-01.png,large majority of Labour M Ps are likely to,large majority of Labour MPs are likely to,0.023255813953488372,0.2222222222222222,0
a01-003-02,/Users/aloyson/Documents/Thesis/ocr-thesis-handwritten-forms/trocr_beginner_project/data/iam/lines/a01/a01-003/a01-003-02.png,turn down the Foot-Griffiths resolution . Mr.,turn down the Foot-Griffiths resolution . Mr.,0.0,0.0,1
a01-003-03,/Users/aloyson/Documents/Thesis/ocr-thesis-handwritten-forms/trocr_beginner_project/data/iam/lines/a01/a01-003/a01-003-03.png,Foot's line will be that as Labour M Ps,Foot's line will be that as Labour MPs,0.02564102564102564,0.2222222222222222,0
a01-003-04,/Users/aloyson/Documents/Thesis/ocr-thesis-handwritten-forms/trocr_beginner_project/data/iam/lines/a01/a01-003/a01-003-04.png,opposed the Government Bill which brought,opposed the Government Bill which brought,0.0,0.0,1
a01-003-05,/Users/aloyson/Documents/Thesis/ocr-thesis-handwritten-forms/trocr_beginner_project/data/iam/lines/a01/a01-003/a01-003-05.png,"life peers into existence , they should not","life peers into existence , they should not",0.0,0.0,1
a01-003-06,/Users/aloyson/Documents/Thesis/ocr-thesis-handwritten-forms/trocr_beginner_project/data/iam/lines/a01/a01-003/a01-003-06.png,now put forward nominees . He believes,now put forward nominees . He believes,0.0,0.0,1
a01-003-07,/Users/aloyson/Documents/Thesis/ocr-thesis-handwritten-forms/trocr_beginner_project/data/iam/lines/a01/a01-003/a01-003-07.png,that the House of Lords should be abolished,that the House of Lords should be abolished,0.0,0.0,1
a01-003-08,/Users/aloyson/Documents/Thesis/ocr-thesis-handwritten-forms/trocr_beginner_project/data/iam/lines/a01/a01-003/a01-003-08.png,and that Labour should not take any steps,and that Labour should not take any steps,0.0,0.0,1
a01-003-10,/Users/aloyson/Documents/Thesis/ocr-thesis-handwritten-forms/trocr_beginner_project/data/iam/lines/a01/a01-003/a01-003-10.png,institution .,institutionalism .,0.38461538461538464,0.5,0
a01-007-00,/Users/aloyson/Documents/Thesis/ocr-thesis-handwritten-forms/trocr_beginner_project/data/iam/lines/a01/a01-007/a01-007-00.png,"Since 1958 , 13 Labour life Peers and","Since 1958 , 13 Labour life Peers and",0.0,0.0,1
a01-007-01,/Users/aloyson/Documents/Thesis/ocr-thesis-handwritten-forms/trocr_beginner_project/data/iam/lines/a01/a01-007/a01-007-01.png,Peeresses have been created . Most Labour,Peeresses have been created . Most Labour-,0.024390243902439025,0.14285714285714285,0
a01-007-02,/Users/aloyson/Documents/Thesis/ocr-thesis-handwritten-forms/trocr_beginner_project/data/iam/lines/a01/a01-007/a01-007-02.png,sentiment would # still favour the abolition,sentiment would # still favour the abolition,0.0,0.0,1
a01-007-03,/Users/aloyson/Documents/Thesis/ocr-thesis-handwritten-forms/trocr_beginner_project/data/iam/lines/a01/a01-007/a01-007-03.png,"of the House of Lords , but while it remains","of the House of Lords , but while it remains",0.0,0.0,1
a01-007-04,/Users/aloyson/Documents/Thesis/ocr-thesis-handwritten-forms/trocr_beginner_project/data/iam/lines/a01/a01-007/a01-007-04.png,Labour has to have an adequate number of,Labour has to have an adequate number of,0.0,0.0,1
a01-007-05,/Users/aloyson/Documents/Thesis/ocr-thesis-handwritten-forms/trocr_beginner_project/data/iam/lines/a01/a01-007/a01-007-05.png,members . THE two rival African Nationalist,members . THE two rival African Nationalist,0.0,0.0,1
a01-007-06,/Users/aloyson/Documents/Thesis/ocr-thesis-handwritten-forms/trocr_beginner_project/data/iam/lines/a01/a01-007/a01-007-06.png,Parties of Northern Rhodesia have agreed to,Parties of Northern Rhodesia have agreed to,0.0,0.0,1
a01-007-07,/Users/aloyson/Documents/Thesis/ocr-thesis-handwritten-forms/trocr_beginner_project/data/iam/lines/a01/a01-007/a01-007-07.png,get together to face the challenge from Sir,get together to face the challenge from Sir,0.0,0.0,1
a01-007-08,/Users/aloyson/Documents/Thesis/ocr-thesis-handwritten-forms/trocr_beginner_project/data/iam/lines/a01/a01-007/a01-007-08.png,"Roy Welensky , the Federal Premier .","Roy Welensky , the Federal Premier .",0.0,0.0,1
a01-011-00,/Users/aloyson/Documents/Thesis/ocr-thesis-handwritten-forms/trocr_beginner_project/data/iam/lines/a01/a01-011/a01-011-00.png,Delegates from Mr. Kenneth Kaunda's United National Independence,Delegates from Mr. Kenneth Kaunda's United National Independence,0.0,0.0,1
